,department,number,title,time,location,instructor,card_core
0,ACCT,201,Principles of Financial Accounting, ,ONLINE,Matthew Cushing,
1,ACCT,201,Principles of Financial Accounting, ,ONLINE,Matthew Cushing,
2,ACCT,202,Principles of Managerial Accounting, ,ONLINE,Peter Aghimien,
3,ACCT,202,Principles of Managerial Accounting, ,ONLINE,Peter Aghimien,
4,ACCT,301,Intermediate Accounting I, ,ONLINE,Derek Bell,
5,ACCT,301,Intermediate Accounting I, ,ONLINE,Derek Bell,
6,ACCT,302,Intermediate Accounting II, ,ONLINE,Peter Aghimien,
7,ACCT,302,Intermediate Accounting II, ,ONLINE,Peter Aghimien,
8,ACCT,310,Introduction to Accounting Information Systems, ,ONLINE,Marcus Burke,
9,ACCT,310,Introduction to Accounting Information Systems, ,ONLINE,Marcus Burke,
10,ACCT,315,Taxation for Business Entities, ,ONLINE,Lisa Blum,
11,ACCT,315,Taxation for Business Entities, ,ONLINE,Lisa Blum,
12,ACCT,396,Zero-Credit Internship-Accounting, ,Belknap,Lisa Blum,
13,ACCT,397,Co-op in Accounting I, ,Belknap,Lisa Blum,
14,ACCT,398,Co-op in Accounting II, ,Belknap,Lisa Blum,
15,ACCT,399,Co-op in Accounting III, ,Belknap,Lisa Blum,
16,ACCT,411,Capstone Seminar in Accounting, ,ONLINE,Marcus Burke,CUE
17,ACCT,411,Capstone Seminar in Accounting, ,ONLINE,Marcus Burke,CUE
18,ACCT,430,Auditing Theory and Practice, ,ONLINE,Dereck Barr-Pulliam,
19,ACCT,430,Auditing Theory and Practice, ,ONLINE,Dereck Barr-Pulliam,
20,ASL,101,American Sign Language 1,TBA,Belknap / TBA,To be Announced,
21,ASL,102,American Sign Language 2,MoTuWeTh 10:00AM - 12:00PM,Belknap / Humanities 211,Sheila Owolabi,
22,ASL,201,American Sign Language 3,TBA,Belknap / TBA,To be Announced,
23,ASL,202,American Sign Language 4,MoTuWeTh 1:00PM - 3:00PM,Belknap / Humanities 211,Sheila Owolabi,
24,ASNB,491,Undergraduate Neuroscience Research, ,HSC,Charles Hubscher,
25,ASNB,492,Undergraduate Neuroscience Research, ,HSC,Charles Hubscher,CUE
26,ASNB,495,Honors Neuroscience Research, ,HSC,Charles Hubscher,
27,ASNB,496,Honors Neuroscience Thesis, ,HSC,Charles Hubscher,"CUE, WR"
28,ANTH,201,Introduction to Cultural Anthropology, ,ONLINE,Jianhua Zhao,SBD2
29,ANTH,202,Biological Anthropology, ,ONLINE,Carey Garland,S
30,ANTH,206,Principles of Archaeology, ,ONLINE,David Hoefer,B
31,ANTH,310,"Race, Culture, Identity", ,ONLINE,Yvonne Jones,
32,ANTH,323,Cultures of Africa, ,ONLINE,Amanuel Beyin,SBD2
33,ANTH,374,Forensic Anthropology Field School,MoTuWeThFr 9:00AM - 12:00PM,Belknap / Belknap Academic Building 417,Kathryn Marklein,
34,ANTH,377,Field Methods in Archaeology, ,Off Campus,Aaron Comstock,
35,ANTH,401,Cooperative Internship in Anthropology, ,INTERN,Jianhua Zhao,
36,ANTH,451,Independent Study, ,Belknap,Jonathan Haws,
37,ART,107,Foundation Drawing,TBA,Belknap / TBA,To be Announced,
38,ART,107,Foundation Drawing,TBA,Belknap / TBA,To be Announced,
39,ARTH,270,Renaissance Through Modern Art, ,ONLINE,Cody Gault,AH
40,BE,288,Bioengineering Co-op Education Seminar,Tu 1:00PM - 2:15PM,Belknap / Duthie Center Engineering 117,"Kelly Atwood Holt, Angela Coyle, Thomas Brammer, Alexander Williams",
41,BE,289,Bioengineering Co-op Education I, ,INTERN,"Kelly Atwood Holt, Angela Coyle, Thomas Brammer, Alexander Williams",
42,BE,310,Biotransport Phenomena, ,ONLINE,"Michael Voor, Nicholas Allen",
43,BE,322,Circuits and Devices for Bioengineers,TuTh 10:00AM - 11:50AM,Belknap / Lutz Hall 306,Tommy Roussel,
44,BE,322,Circuits and Devices for Bioengineers, ,ONLINE,Tommy Roussel,
45,BE,340,Computational Methodologies in Bioengineering,TBA,Belknap / TBA,To be Announced,
46,BE,340,Computational Methodologies in Bioengineering, ,ONLINE,Ayman El-Baz,
47,BE,354,Anatomy and Physiology, ,ONLINE,Patricia Soucy,
48,BE,359,Cell and Molecular Biology for Bioengineers,TBA,ONLINE / TBA,To be Announced,
49,BE,360,Biomechanics Principles, ,ONLINE,"Michael Voor, Asem Ali",
50,BE,389,Bioengineering Co-op Education II, ,INTERN,"Kelly Atwood Holt, Angela Coyle, Thomas Brammer, Alexander Williams",
51,BE,420,Biosystems & Signals,TBA,ONLINE / TBA,To be Announced,
52,BE,430,Biosystems Controls, ,ONLINE,Guruprasad Giridharan,
53,BE,450,Biomaterials & Biocompatibility,TuTh 1:00PM - 2:50PM,Belknap / Lutz Hall 306,Joseph Chen,
54,BE,450,Biomaterials & Biocompatibility, ,ONLINE,Joseph Chen,
55,BE,489,Bioengineering Co-op Education III, ,INTERN,"Kelly Atwood Holt, Angela Coyle, Thomas Brammer, Alexander Williams",
56,BE,522,Biomedical Acoustics, ,ONLINE,Jonathan Kopechek,
57,BE,542,Medical Image Computing, ,ONLINE,"Ayman El-Baz, Ahmed Eid",
58,BE,543,Computer Tools for Medical Image Analysis,TuTh 8:00AM - 9:50AM,Belknap / Lutz Hall 306,Ayman El-Baz,
59,BE,544,Artificial Intelligence Techniques in Digital Pathology,TBA,Belknap / TBA,To be Announced,
60,BE,552,Introduction to Tissue Engineering,TBA,ONLINE / TBA,To be Announced,
61,BE,553,Nanoscale Bioengineering: Application and Methodology of Nanobiomaterials in Bioengineering,TBA,ONLINE / TBA,To be Announced,
62,BE,581,Advanced Computer-Aided Design and Manufacturing for Bioengineers, ,ONLINE,"Nicholas Allen, Tommy Roussel",
63,BIOL,102,Biology: Current Issues and Applications, ,ONLINE,Kat Ray King,S
64,BIOL,240,Unity of Life,MoTuWeTh 9:40AM - 11:30AM,Belknap / Belknap Academic Building 232,Kat Ray King,S
65,BIOL,241,Experimental Biology I: Molecules and Cells,MoTuWe 1:00PM - 3:00PM,Belknap / Belknap Academic Building 329,Jeffery Masters,SL
66,BIOL,242,Diversity of Life,MoTuWeTh 9:40AM - 11:30AM,Belknap / Belknap Academic Building 227,Jeffery Masters,S
67,BIOL,243,Experimental Biology II: Organismal Biology,MoWeFr 1:00PM - 3:00PM,Belknap / Belknap Academic Building 329,Jeffery Masters,SL
68,BIOL,257,Introduction to Microbiology, ,ONLINE,Zeinab Torky,S
69,BIOL,258,Introduction to Microbiology Laboratory,MoTuWeTh 12:00PM - 1:30PM,Belknap / Life Sci 217,Zeinab Torky,SL
70,BIOL,260,Human Anatomy & Physiology I, ,ONLINE,Samiyyah Sledge,
71,BIOL,261,Human Anatomy & Physiology II, ,ONLINE,Samiyyah Sledge,
72,BIOL,264,Human Anatomy and Physiology I Laboratory,MoWeFr 9:00AM - 12:00PM,Belknap / Belknap Academic Building 308,Sanaya Stocke,
73,BIOL,264,Human Anatomy and Physiology I Laboratory,MoWeFr 1:00PM - 4:00PM,Belknap / Belknap Academic Building 308,Sanaya Stocke,
74,BIOL,265,Human Anatomy and Physiology II Laboratory,MoWeFr 9:00AM - 12:00PM,Belknap / Life Sci 212,Sanaya Stocke,
75,BIOL,404,Undergraduate Research, ,Belknap,Linda Fuselier,
76,BIOL,405,Undergraduate Research, ,Belknap,Linda Fuselier,CUE
77,BIOL,406,Undergraduate Research (WR), ,Belknap,Linda Fuselier,WR;CUE
78,BIOL,504,Independent Study, ,Belknap,Linda Fuselier,WR
79,BIOL,540,Metabolic Biochemistry,MoTuWeTh 9:40AM - 11:30AM,Belknap / Belknap Academic Building 237,Paul Himes,
80,BUS,201,Career Development, ,ONLINE,Greg Priester,
81,BUS,201,Career Development, ,ONLINE,Greg Priester,
82,BUS,201,Career Development, ,ONLINE,Greg Priester,
83,BUS,201,Career Development, ,ONLINE,Greg Priester,
84,BUS,301,Business Communication, ,ONLINE,Brandon Hardy,
85,BUS,301,Business Communication, ,ONLINE,Cory Williams,
86,BUS,301,Business Communication, ,ONLINE,Brandon Hardy,
87,BUS,301,Business Communication, ,ONLINE,Cory Williams,
88,BUS,301,Business Communication, ,ONLINE,Cory Williams,
89,BUS,397,Co-op in Business I, ,INTERN,Warren McIntosh,
90,BUS,398,Co-op in Business II, ,Belknap,Warren McIntosh,
91,BUS,399,Co-op in Business, ,INTERN,Warren McIntosh,
92,BSTA,201,Business Statistics, ,ONLINE,"Raymond Chastain, Andrew Wright",
93,BSTA,201,Business Statistics, ,ONLINE,"Raymond Chastain, Andrew Wright",
94,CHE,205,Introduction to Chemical Engineering,MoWeFr 2:30PM - 3:45PM,Belknap / Belknap Academic Building 128,Gerold Willing,
95,CHE,230,Computer Applications in Chemical Engineering,TuTh 11:00AM - 12:50PM,Belknap / Belknap Academic Building 128,Vance Jaeger,
96,CHE,253,Materials Science,MoWeFr 9:30AM - 10:45AM,Belknap / Belknap Academic Building 128,"Gautam Gupta, - TBA",
97,CHE,288,Chemical Engineering Cooperative Education Seminar,Tu 1:00PM - 2:15PM,Belknap / Duthie Center Engineering 117,"Kelly Atwood Holt, Angela Coyle, Thomas Brammer, Alexander Williams",
98,CHE,289,Chemical Engineering Cooperative Education I, ,INTERN,"Kelly Atwood Holt, Angela Coyle, Thomas Brammer, Alexander Williams",
99,CHE,312,Chemical Engineering Thermodynamics II,MoWeFr 9:30AM - 10:45AM,Belknap / Ernst Hall 310,Xiao-An Fu,
100,CHE,331,Principles of Fluid Dynamics,MoWeFr 8:00AM - 9:15AM,Belknap / Ernst Hall 310,Mahendra Sunkara,
101,CHE,389,Chemical Engineering Cooperative Education II, ,INTERN,"Kelly Atwood Holt, Angela Coyle, Thomas Brammer, Alexander Williams",
102,CHE,401,"Safety, Health and Environment",MoWeFr 11:00AM - 12:15PM,Belknap / Ernst Hall 310,James Watters,
103,CHE,489,Chemical Engineering Cooperative Education III, ,INTERN,"Kelly Atwood Holt, Angela Coyle, Thomas Brammer, Alexander Williams",
104,CHEM,101,Chemistry and Contemporary Society, ,ONLINE,Danielle Franco,S
105,CHEM,105,Chemistry for Health Professionals, ,ONLINE,Rachel Neal,S
106,CHEM,201,General Chemistry I,MoTuWeThFr 9:00AM - 10:30AM,Belknap / Belknap Academic Building 408,Meenakshi Bansal,S
107,CHEM,201,General Chemistry I, ,ONLINE / Online Online,Danielle Franco Danielle Franco,S
108,CHEM,202,General Chemistry II,MoTuWeThFr 9:00AM - 10:30AM,Belknap / Belknap Academic Building 408,Meenakshi Bansal,S
109,CHEM,202,General Chemistry II, ,ONLINE,Danielle Franco,S
110,CHEM,202,General Chemistry II, ,ONLINE,Danielle Franco,S
111,CHEM,207,Introduction to Chemical Analysis I,MoWeFr 11:00AM - 11:50AM,Belknap / Belknap Academic Building 234,Meenakshi Bansal,SL
112,CHEM,207,Introduction to Chemical Analysis I,MoWeFr 1:00PM - 3:50PM,Belknap / Belknap Academic Building 311,Meenakshi Bansal,SL
113,CHEM,207,Introduction to Chemical Analysis I,MoWeFr 1:00PM - 3:50PM,Belknap / Belknap Academic Building 313,Meenakshi Bansal,SL
114,CHEM,208,Introduction to Chemical Analysis II,MoWeFr 11:00AM - 11:50AM,Belknap / Belknap Academic Building 234,Meenakshi Bansal,SL
115,CHEM,208,Introduction to Chemical Analysis II,MoWeFr 1:00PM - 3:50PM,Belknap / Belknap Academic Building 311,Meenakshi Bansal,SL
116,CHEM,208,Introduction to Chemical Analysis II,MoWeFr 1:00PM - 3:50PM,Belknap / Belknap Academic Building 313,Meenakshi Bansal,SL
117,CHEM,209,Introduction to Chemical Analysis III,MoTuTh 1:00PM - 1:50PM,Belknap / Belknap Academic Building 227,Nidhi Shah,
118,CHEM,209,Introduction to Chemical Analysis III,TuWeFr 10:00AM - 12:50PM,Belknap / Belknap Academic Building 311,Nidhi Shah,
119,CHEM,209,Introduction to Chemical Analysis III,TuWeFr 2:00PM - 4:50PM,Belknap / Belknap Academic Building 311,Nidhi Shah,
120,CHEM,209,Introduction to Chemical Analysis III,TuWeFr 2:00PM - 4:50PM,Belknap / Belknap Academic Building 313,Nidhi Shah,
121,CHEM,341,Organic Chemistry I,MoTuWeThFr 10:30AM - 11:50AM,Belknap / Humanities 100,Kagna Sampson,
122,CHEM,341,Organic Chemistry I, ,ONLINE,Kagna Sampson,
123,CHEM,342,Organic Chemistry II,MoTuWeThFr 10:30AM - 11:50AM,Belknap / Humanities 100,Kagna Sampson,
124,CHEM,342,Organic Chemistry II, ,ONLINE,Kagna Sampson,
125,CHEM,343,Organic Chemistry Laboratory I,MoTuTh 12:00PM - 3:55PM,Belknap / Belknap Academic Building 317,Casandra Koevoets,
126,CHEM,343,Organic Chemistry Laboratory I,MoTuTh 12:00PM - 3:55PM,Belknap / Belknap Academic Building 320,Casandra Koevoets,
127,CHEM,344,Organic Chemistry Laboratory II,MoTuTh 12:00PM - 3:55PM,Belknap / Belknap Academic Building 320,Casandra Koevoets,
128,CHEM,344,Organic Chemistry Laboratory II,MoTuTh 12:00PM - 3:55PM,Belknap / Belknap Academic Building 317,Casandra Koevoets,
129,CHEM,391,Undergraduate Research, ,Belknap,Robert Buchanan,CUE
130,CHEM,420,Cooperative Internship in Chemistry, ,Belknap,Francis Zamborini,"WR, CUE"
131,CHEM,491,Undergraduate Research, ,Belknap,Robert Buchanan,CUE
132,CEE,205,Mechanics I: Statics,MoWeFr 11:00AM - 12:15PM,Belknap / Belknap Academic Building 128,Omid Ghasemi Fare,
133,CEE,205,Mechanics I: Statics,MoWeFr 9:30AM - 10:45AM,Belknap / Belknap Academic Building 129,Tharshikka Vickneswaran,
134,CEE,288,Civil and Environmental Engineering Cooperative Education Seminar,Tu 1:00PM - 2:15PM,Belknap / Duthie Center Engineering 117,"Kelly Atwood Holt, Alexander Williams",
135,CEE,289,Civil and Environmental Engineering Cooperative Education I, ,INTERN,"Kelly Atwood Holt, Alexander Williams",
136,CEE,309,Introduction to Environmental Engineering,MoWe 1:00PM - 2:50PM,Belknap / W S Speed 108,Tharshikka Vickneswaran,
137,CEE,322,Structural Analysis,MoWe 3:00PM - 4:50PM,Belknap / W S Speed 106,J. P. Mohsen,
138,CEE,389,Civil and Environmental Engineering Cooperative Education II, ,INTERN,"Kelly Atwood Holt, Alexander Williams",
139,CEE,489,Civil Engineering Cooperative Education III, ,INTERN,"Kelly Atwood Holt, Alexander Williams",
140,CLAW,301,Legal Environment of Business, ,ONLINE,Lisa Blum,
141,CLAW,301,Legal Environment of Business, ,ONLINE,Lisa Blum,
142,COMM,111,Introduction to Public Speaking,MoTuWeThFr 9:00AM - 12:00PM,Belknap / Strickler 306,Richard Slawsky,OC
143,COMM,111,Introduction to Public Speaking,MoTuWeThFr 1:00PM - 2:30PM,Belknap / Strickler 209,Christine Steineck,OC
144,COMM,111,Introduction to Public Speaking, ,ONLINE,Sydney Dotson,OC
145,COMM,111,Introduction to Public Speaking, ,ONLINE,Bunny Hayes,OC
146,COMM,111,Introduction to Public Speaking, ,ONLINE,Rebecca Wells-Gonzalez,OC
147,COMM,111,Introduction to Public Speaking, ,ONLINE,Karen Battoe,OC
148,COMM,111,Introduction to Public Speaking, ,ONLINE,Heidi Prizmich,OC
149,COMM,111,Introduction to Public Speaking, ,ONLINE,Sarah Miller,OC
150,COMM,112,Business and Professional Speaking,TBA,Belknap / TBA,To be Announced,OC
151,COMM,112,Business and Professional Speaking,MoTuWeThFr 11:20AM - 12:50PM,Belknap / Strickler 306,Elyssa Smith,OC
152,COMM,112,Business and Professional Speaking, ,ONLINE,Michelle Eigenheer,OC
153,COMM,112,Business and Professional Speaking, ,ONLINE,Laurie Taylor,OC
154,COMM,112,Business and Professional Speaking,TBA,ONLINE / TBA,To be Announced,OC
155,COMM,140,Speaking Virtually, ,ONLINE,Elizabeth Kimbell,OC
156,COMM,201,Introduction to Communication Studies, ,ONLINE,Mary Ashlock,SB
157,COMM,215,"Communication, Identity, and Power", ,ONLINE,Calvin Coker,AHP1
158,COMM,225,Rhetoric from Greeks to Tweets, ,ONLINE,Nicholas Paliewicz,SBH
159,COMM,238,Introduction to Film Production,TBA,Belknap / TBA,To be Announced,
160,COMM,255,Communication and Statistics, ,ONLINE,Madeline Tomlinson,QR
161,COMM,301,Special Topics in Communication,TBA,ONLINE / TBA,To be Announced,
162,COMM,303,Introduction to Communication Technologies, ,ONLINE,William Brantley,
163,COMM,304,Argument In Everyday Life,TBA,Belknap / TBA,To be Announced,
164,COMM,304,Argument In Everyday Life, ,ONLINE,Nicholas Paliewicz,
165,COMM,305,Introduction to Mass Communication,TBA,Belknap / TBA,To be Announced,
166,COMM,305,Introduction to Mass Communication,TBA,ONLINE / TBA,To be Announced,
167,COMM,310,Business Communication, ,ONLINE,Gina Firenzi,
168,COMM,315,Introduction to Interpersonal Communication, ,ONLINE,Kathy Werking,
169,COMM,316,Research Methods,TBA,Belknap / TBA,To be Announced,
170,COMM,316,Research Methods, ,ONLINE,Kathy Werking,
171,COMM,317,Communication Internship, ,Belknap,Lindsay Della,
172,COMM,317,Communication Internship, ,ONLINE,Lindsay Della,
173,COMM,320,Newswriting, ,ONLINE,Ralph Merkel,WR
174,COMM,340,Storytelling with Data Visualization, ,ONLINE,Yi Wang,
175,COMM,342,Introduction to Strategic Communication, ,ONLINE,Elizabeth Kimbell,
176,COMM,360,Web Site Development, ,ONLINE,William Brantley,
177,COMM,380,Practicum, ,Belknap,- TBA,
178,COMM,401,Independent Study in Communication, ,Belknap,- TBA,
179,COMM,402,Independent Research in Communication, ,Belknap,- TBA,CUE
180,COMM,417,Senior Communication Internship, ,Belknap,Lindsay Della,CUE
181,COMM,417,Senior Communication Internship, ,ONLINE,Lindsay Della,CUE
182,COMM,463,Special Topics in Communication Studies,TuTh 9:30AM - 10:45AM,ONLINE,Lindsay Della,WR
183,COMM,466,Special Topics in Communication Studies,TuTh 9:30AM - 10:45AM,ONLINE,Lindsay Della,"CUE, WR"
184,COMM,480,Senior Practicum, ,Belknap,- TBA,
185,COMM,481,Senior Practicum, ,Belknap,William Brantley,CUE
186,CIS,150,Fundamentals of Information Systems, ,ONLINE,James Chrisman,
187,CIS,150,Fundamentals of Information Systems, ,ONLINE,James Chrisman,
188,CIS,205,Information Systems in Organizations, ,ONLINE,Melissa Campbell,
189,CIS,205,Information Systems in Organizations, ,ONLINE,Anthony Manni,
190,CIS,205,Information Systems in Organizations, ,ONLINE,Melissa Campbell,
191,CIS,205,Information Systems in Organizations, ,ONLINE,Anthony Manni,
192,CIS,305,Data Analysis for Decision-Making, ,ONLINE,James Chrisman,
193,CIS,305,Data Analysis for Decision-Making, ,ONLINE,Warren McIntosh,
194,CIS,305,Data Analysis for Decision-Making, ,ONLINE,James Chrisman,
195,CIS,305,Data Analysis for Decision-Making, ,ONLINE,Warren McIntosh,
196,CIS,397,Co-op in Computer Information Systems I, ,Belknap,Gregory Reinhardt,
197,CIS,398,Co-op in Computer Information Systems II, ,Belknap,Gregory Reinhardt,
198,CIS,399,Co-op in Computer Information Systems III, ,Belknap,Gregory Reinhardt,
199,CSE,120,Introduction to Programming with Python,MoWeFr 8:00AM - 9:15AM,Belknap / Sackett 103,Sai Nethra Betgeri,
200,CSE,120,Introduction to Programming with Python, ,ONLINE,Sai Nethra Betgeri,
201,CSE,130,Introduction to C and C++ Programming Languages,TuTh 11:00AM - 12:50PM,Belknap / Ernst Hall 310,Soodeh Atefi,
202,CSE,130,Introduction to C and C++ Programming Languages, ,ONLINE,Soodeh Atefi,
203,CSE,220,Object Oriented Program Design with Java,TuTh 2:30PM - 4:20PM,Belknap / Duthie Center Engineering 117,Soodeh Atefi,
204,CSE,220,Object Oriented Program Design with Java, ,ONLINE,Soodeh Atefi,
205,CSE,288,Computer Science and Engineering Cooperative Education Seminar,Tu 1:00PM - 2:15PM,Belknap / Duthie Center Engineering 117,"Kelly Atwood Holt, Shaun McDonough, Thomas Brammer, Alexander Williams",
206,CSE,289,Computer Science and Engineering Cooperative Education I, ,INTERN,"Shaun McDonough, Kelly Atwood Holt, Thomas Brammer, Alexander Williams",
207,CSE,299,Internship I, ,INTERN,"Kelly Atwood Holt, Alexander Williams, Thomas Brammer",(BACS)
208,CSE,310,Discrete Structures,MoWeFr 8:00AM - 9:15AM,Belknap / J B Speed 203,Nathan Russell,
209,CSE,310,Discrete Structures, ,ONLINE,Nathan Russell,
210,CSE,350,Introduction to Software Engineering,MoWeFr 9:30AM - 10:45AM,Belknap / Sackett 100,Sai Nethra Betgeri,
211,CSE,350,Introduction to Software Engineering, ,ONLINE,Sai Nethra Betgeri,
212,CSE,389,Computer Science and Engineering Cooperative Education II, ,INTERN,"Shaun McDonough, Kelly Atwood Holt, Thomas Brammer, Alexander Williams",
213,CSE,399,Internship II, ,INTERN,"Alexander Williams, Kelly Atwood Holt, Thomas Brammer",(BACS)
214,CSE,412,Introduction to Embedded Systems,TuTh 10:00AM - 11:50AM,Belknap / Duthie Center Engineering 116,Adrian Lauf,
215,CSE,489,Computer Science and Engineering Cooperative Education III, ,INTERN,"Shaun McDonough, Kelly Atwood Holt, Thomas Brammer, Alexander Williams",
216,CSE,535,Database Systems, ,ONLINE,Jason Turner,
217,CSE,538,Graph Database and Graph Analytics,TuTh 4:00PM - 5:50PM,Belknap / Sackett 103,Dar-Jen Chang,
218,CSE,538,Graph Database and Graph Analytics, ,ONLINE,Dar-Jen Chang,
219,CSE,550,Software Engineering,MoWeFr 9:30AM - 10:45AM,Belknap / Sackett 100,Sai Nethra Betgeri,
220,CSE,550,Software Engineering, ,ONLINE,Sai Nethra Betgeri,
221,CSE,564,Introduction to Cryptography,TuTh 10:00AM - 11:50AM,Belknap / Sackett 208,Nathan Russell,
222,CSE,564,Introduction to Cryptography, ,ONLINE,Nathan Russell,
223,CSE,566,Information Security,TuTh 12:00PM - 1:50PM,Belknap / Duthie Center Engineering 116,Adrian Lauf,
224,CSE,566,Information Security, ,ONLINE,Adrian Lauf,
225,CSE,590,Special Topics in Computer Science and Engineering,TuTh 2:00PM - 3:50PM,Belknap / Duthie Center Engineering 116,Zeyan Liu,
226,CSE,590,Special Topics in Computer Science and Engineering, ,ONLINE,Daniel Sierrasosa,
227,CSE,590,Special Topics in Computer Science and Engineering, ,ONLINE,Zeyan Liu,
228,CJ,200,Introduction to Criminal Justice, ,ONLINE,Katie Hughes-Taylor,SB
229,CJ,201,Introduction to Law Enforcement, ,ONLINE,Bradley Campbell,SB
230,CJ,202,Introduction to Corrections, ,ONLINE,Heather Ouellette,SB
231,CJ,305,Theories of Crime and Behavior, ,ONLINE,Alex Widdowson,
232,CJ,326,Quantitative Analysis in Criminal Justice, ,ONLINE,Jennifer Cox,QR
233,CJ,326,Quantitative Analysis in Criminal Justice, ,ONLINE,Viviana Andreescu,QR
234,CJ,426,Violence in the United States, ,ONLINE,Charles Baker,
235,CJ,485,Criminal Justice Senior Seminar, ,ONLINE,Elizabeth Grossi,WR; CUE
236,CJ,495,Directed Studies, ,Belknap,Heather Ouellette,
237,CJ,500,Crime and Criminal Justice in Film, ,ONLINE,Joseph Grant,
238,CJ,505,International Terrorism, ,ONLINE,Deborah Keeling,
239,DHED,315,Pain and Anxiety Control, ,HSC,Rebecca Mercke,
240,DHED,316,Community Dental Health I, ,HSC,"Jennifer Rudy, Jennifer Rudy",
241,ECON,201,Principles of Microeconomics, ,ONLINE,Audrey Kline,SB
242,ECON,201,Principles of Microeconomics, ,ONLINE,Audrey Kline,SB
243,ECON,201,Principles of Microeconomics, ,ONLINE,Audrey Kline,SB
244,ECON,202,Principles of Macroeconomics, ,ONLINE,Barry Haworth,SB
245,ECON,202,Principles of Macroeconomics, ,ONLINE,Barry Haworth,SB
246,ECON,396,Zero-Credit Internship-Economics, ,Belknap,Barry Haworth,
247,ECON,397,Co-op in Economics I, ,Belknap,Barry Haworth,
248,ECON,398,Co-op in Economics II, ,Belknap,Barry Haworth,
249,ECON,399,Co-op in Economics III, ,Belknap,Barry Haworth,
250,LEAD,256,Technology in Our World Today Level 1, ,ONLINE,Ashley Triplett,SB
251,LEAD,300,Prior Learning Assessment, ,ONLINE,Elizabeth Krauss,
252,LEAD,300,Prior Learning Assessment,TBA,ONLINE / TBA,To be Announced,
253,LEAD,307,Prior Learning Assessment for Healthcare Leaders, ,ONLINE,Elizabeth Krauss,
254,LEAD,311,Needs Assessment, ,ONLINE,Rodney Merkley,
255,LEAD,314,Diversity in the Workplace, ,ONLINE,Katrina Beasley,SBP1
256,LEAD,314,Diversity in the Workplace, ,ONLINE,Randy Whetstone,SBP1
257,LEAD,316,Instructional Strategies and Group Facilitation Techniques, ,ONLINE,Thomas Teague Jr,
258,LEAD,341,Managing Projects in the Workplace, ,ONLINE,Roger Buskill,
259,LEAD,410,Fundamentals of Healthcare Human Resource Management, ,ONLINE,Anastasia Miller,
260,LEAD,411,Human Resource Fundamentals, ,ONLINE,Sherry Duffy,
261,LEAD,411,Human Resource Fundamentals, ,ONLINE,Terri Rowland,
262,LEAD,412,Coaching and Talent Development, ,ONLINE,Ann Herd,
263,LEAD,413,Management of Diversity in Healthcare Organizations, ,ONLINE,Geraldine Espinoza,
264,LEAD,416,Principles of Healthcare Leadership and Management, ,ONLINE,Carla Jones,
265,LEAD,418,Conflict Management in Healthcare Organizations,TBA,ONLINE / TBA,To be Announced,
266,LEAD,420,Conflict Management in the Workplace, ,ONLINE,Erin Mires,
267,LEAD,430,Healthcare Finance and Accounting, ,ONLINE,Anastasia Miller,
268,LEAD,442,Supporting Organizational Change, ,ONLINE,Geneva Stark,
269,LEAD,442,Supporting Organizational Change, ,ONLINE,Geneva Stark,
270,LEAD,450,Healthcare Leadership, ,ONLINE,Geraldine Espinoza,CUE
271,LEAD,490,Leadership and Management, ,ONLINE,Ann Herd,
272,LEAD,540,Program Exit Experience, ,ONLINE,Roger Buskill,CUE
273,LEAD,578,Workplace and Information Ethics, ,ONLINE,Steve Dwinnells,
274,LEAD,578,Workplace and Information Ethics, ,ONLINE,Steve Dwinnells,
275,ECPY,304,Mental Health and the Helping Professions, ,ONLINE,Julie Williams,
276,ECPY,305,Human Development and Learning, ,ONLINE,Eric Wright,
277,ECPY,305,Human Development and Learning,TBA,ONLINE / TBA,To be Announced,
278,ECPY,319,Theories of Counseling,TBA,Belknap / TBA,To be Announced,
279,ECPY,319,Theories of Counseling,TBA,ONLINE / TBA,To be Announced,
280,ECPY,412,"Stress, Coping & Resilience",TBA,ONLINE / TBA,To be Announced,
281,ECPY,422,Emotional Intelligence,TBA,ONLINE / TBA,To be Announced,
282,EDSP,240,Introduction to Exceptional Children, ,ONLINE,Scott Patton,
283,EDSP,260,Classroom Behavior Management, ,ONLINE,Scott Patton,
284,EDSP,294,"Teaching Individuals with Physical, Health and Multiple Disabilities",TBA,ONLINE / TBA,To be Announced,
285,EDSP,436,Theories of Play, ,ONLINE,"Jon Lee, Katherine Jordan, Betty Doyle",
286,EDTP,306,Public Schools in America: Understanding our Past to Envision our Future, ,ONLINE,Amanda Flock,
287,EDTP,355,Assessment and Research, ,ONLINE,Amy Stevens,
288,EDTP,397,Special Topics in Teaching and Learning,Tu 9:00AM - 12:00PM,Belknap / Education 239,Samantha Morris,
289,EDTP,459,Teaching History with Museums,MoTh 11:00AM - 3:00PM,Off Campus / OFF CAMPUS,Caroline Sheffield,
290,ECE,210,Logic Design,MoWeFr 11:00AM - 12:15PM,Belknap / Belknap Academic Building 226,Yehya Senousy,
291,ECE,211,Logic Design Laboratory,TBA,Belknap / TBA,To be Announced,
292,ECE,211,Logic Design Laboratory,Tu 9:30AM - 12:00PM,Belknap / W S Speed 210,Yehya Senousy,
293,ECE,211,Logic Design Laboratory,Mo 5:30PM - 8:00PM,Belknap / W S Speed 210,Yehya Senousy,
294,ECE,252,Introduction to Electrical Engineering,TuTh 10:00AM - 11:50AM,Belknap / W S Speed 108,Johnathan Frech,
295,ECE,252,Introduction to Electrical Engineering,MoWeFr 11:00AM - 12:15PM,Belknap / W S Speed 108,Ben Eells,
296,ECE,288,Electrical & Computer Engineering Cooperative Education Seminar,Tu 1:00PM - 2:15PM,Belknap / Duthie Center Engineering 117,"Kelly Atwood Holt, Angela Coyle, Thomas Brammer, Alexander Williams",
297,ECE,289,Electrical & Computer Engineering Cooperative Education I, ,INTERN,"Kelly Atwood Holt, Angela Coyle, Thomas Brammer, Alexander Williams",
298,ECE,289,Electrical & Computer Engineering Cooperative Education I,TBA,Belknap / TBA,To be Announced,
299,ECE,320,Network Analysis II,TuTh 1:00PM - 2:50PM,Belknap / W S Speed 108,Andre Faul,
300,ECE,389,Electrical & Computer Engineering Cooperative Education II, ,INTERN,"Kelly Atwood Holt, Alexander Williams, Thomas Brammer, Angela Coyle",
301,ECE,473,Introduction to Electromagnetic Fields and Waves,MoWeFr 1:00PM - 2:15PM,Belknap / Belknap Academic Building 130,Yehya Senousy,
302,ECE,489,Electrical and Computer Engineering Cooperative Education III, ,INTERN,"Kelly Atwood Holt, Angela Coyle, Thomas Brammer, Alexander Williams",
303,ECE,500,Special Topics in Electrical Engineering, ,ONLINE,Ruoshi Zhang,
304,ECE,550,Communication and Modulation,TuTh 10:00AM - 11:50AM,Belknap / W S Speed 113,Andre Faul,
305,ECE,551,Communication Systems Laboratory,We 7:00PM - 9:30PM,Belknap / W S Speed 204,Andre Faul,
306,ENGR,101,Engineering Analysis I,TBA,Belknap / TBA,To be Announced,QR
307,ENGR,102,Engineering Analysis II,MoWeFr 9:30AM - 10:45AM/TuTh 9:30AM - 10:45AM,Belknap / Belknap Academic Building 130 Belknap Academic Building 130,Jeffrey Hieb Jeffrey Hieb,
308,ENGR,102,Engineering Analysis II,MoWeFr 11:00AM - 12:15PM/TuTh 9:30AM - 10:45AM,Belknap / Belknap Academic Building 130 Belknap Academic Building 129,Mara Broering Mara Broering,
309,ENGR,102,Engineering Analysis II,MoWeFr 2:30PM - 3:45PM/TuTh 9:30AM - 10:45AM,Belknap / Belknap Academic Building 130 Belknap Academic Building 129,Mara Broering Mara Broering,
310,ENGR,111,"Engineering Methods, Tools and Practice ll",MoWeFr 2:30PM - 4:15PM,Belknap / Speed Schl Engineering Garage,Nicholas Hawkins,
311,ENGR,151,Engineering Graphics Technology,MoWe 8:00AM - 9:15AM,Belknap / Sackett 213,Samantha Crowder,
312,ENGR,151,Engineering Graphics Technology,MoWe 9:30AM - 10:45AM,Belknap / Sackett 213,Samantha Crowder,
313,ENGR,151,Engineering Graphics Technology,MoWe 11:00AM - 12:15PM,Belknap / Sackett 213,Samantha Crowder,
314,ENGR,151,Engineering Graphics Technology,MoWe 2:30PM - 3:45PM,Belknap / Sackett 213,Samantha Crowder,
315,ENGR,151,Engineering Graphics Technology,MoWe 4:00PM - 5:15PM,Belknap / Sackett 213,Samantha Crowder,
316,ENGR,151,Engineering Graphics Technology, ,ONLINE,Samantha Crowder,
317,ENGR,201,Engineering Analysis III,MoWeFr 8:00AM - 9:15AM/TuTh 8:00AM - 9:15AM,Belknap / Ernst Hall 103 Ernst Hall 103,Patricia Ralston Patricia Ralston,
318,ENGR,201,Engineering Analysis III,MoWeFr 9:30AM - 10:45AM/TuTh 8:00AM - 9:15AM,Belknap / Ernst Hall 103 Ernst Hall 103,Patricia Ralston Patricia Ralston,
319,ENGR,201,Engineering Analysis III,MoWeFr 8:00AM - 9:15AM/TuTh 8:00AM - 9:15AM,Belknap / Ernst Hall 103 Ernst Hall 103,Patricia Ralston Patricia Ralston,
320,ENGR,201,Engineering Analysis III,MoWeFr 9:30AM - 10:45AM/TuTh 8:00AM - 9:15AM,Belknap / Ernst Hall 103 Ernst Hall 103,Patricia Ralston Patricia Ralston,
321,ENGR,205,Differential  Equations for Engineering,TuTh 11:00AM - 12:50PM,Belknap / Belknap Academic Building 129,Brian Robinson,
322,ENGR,209,Summer Research Project, ,Belknap,Erin Gerber,
323,ENGR,307,Numerical Methods for Engineering,TuTh 8:00AM - 9:15AM,Belknap / Duthie Center Engineering 117,James Lewis,
324,ENGR,330,Linear Algebra for Engineering,MoWe 1:00PM - 2:15PM,Belknap / Belknap Academic Building 131,Nicholas Hawkins,
325,ENGL,101,Introduction to College Writing, ,ONLINE,Vincent Joshua Adams,WC
326,ENGL,101,Introduction to College Writing, ,ONLINE,Kylee Auten,WC
327,ENGL,101,Introduction to College Writing, ,ONLINE,Robin Mozer,WC
328,ENGL,102,Intermediate College Writing, ,ONLINE,Crystal Fodrey,WC
329,ENGL,102,Intermediate College Writing, ,ONLINE,Stephen Schneider,WC
330,ENGL,102,Intermediate College Writing, ,ONLINE,Spenser Secrest,WC
331,ENGL,102,Intermediate College Writing, ,ONLINE,Cecilia Durbin,WC
332,ENGL,102,Intermediate College Writing, ,ONLINE,Danette Butler,WC
333,ENGL,102,Intermediate College Writing, ,ONLINE,John Wieland,WC
334,ENGL,102,Intermediate College Writing, ,ONLINE,Heather Lehocky,WC
335,ENGL,202,Introduction to Creative Writing, ,ONLINE,Ian Stansel,AH
336,ENGL,300,Special Topics: Introduction to Literature, ,ONLINE,Joseph Turner,WR
337,ENGL,301,Special Topics: Literature in English Before 1800, ,ONLINE,Andrew Rabin,
338,ENGL,303,Special Topics: Scientific and Technical Writing, ,ONLINE,Marie Pruitt,WR
339,ENGL,306,Special Topics: Business Writing, ,ONLINE,Timothy Roberts,WR
340,ENGL,450,Cooperative Internship in English Studies, ,Belknap,Mark Mattes,
341,ENGL,450,Cooperative Internship in English Studies, ,Belknap,Mark Mattes,
342,ENGL,491,Special Topics: Interpretive Theory: The New Criticism to the Present, ,ONLINE,Karen Hadley,
343,ENGL,501,Independent Study, ,Belknap,- TBA,
344,ENGL,502,Independent Study, ,Belknap,- TBA,
345,ENGL,555,Cooperative Internship in English Studies, ,Belknap,Mark Mattes,CUE
346,ENVS,200,The Global Environment, ,ONLINE,Christopher Day,S
347,ENVS,376,Storm Observation Field Course, ,Off Campus / OFF CAMPUS,"Jason Naylor, William Gunter",
348,EQIN,396,Zero-Credit Internship-Equine, ,INTERN,Terri Burch,
349,EQIN,397,Co-op In Equine I, ,Belknap,Terri Burch,
350,EQIN,399,Co-op in Equine III, ,Belknap,Terri Burch,
351,FIN,201,Money Management and Personal Finance, ,ONLINE,Jay Brandi,
352,FIN,201,Money Management and Personal Finance, ,ONLINE,Jay Brandi,
353,FIN,301,Corporate Finance, ,ONLINE,Jay Brandi,
354,FIN,301,Corporate Finance, ,ONLINE,Farooq Durrani,
355,FIN,301,Corporate Finance, ,ONLINE,Jay Brandi,
356,FIN,301,Corporate Finance, ,ONLINE,Farooq Durrani,
357,FIN,302,Business Finance, ,ONLINE,Tony Okafor,
358,FIN,302,Business Finance, ,ONLINE,Tony Okafor,
359,FIN,304,Intermediate Corporate Finance, ,ONLINE,Tony Okafor,
360,FIN,396,Zero-Credit Internship-Finance, ,Belknap,Tony Okafor,
361,FIN,397,Co-op in Finance I, ,Belknap,Tony Okafor,
362,FIN,398,Co-op in Finance II, ,Belknap,Tony Okafor,
363,FIN,399,Co-op in Finance III, ,Belknap,Tony Okafor,
364,FREN,121,French Language and Culture I, ,ONLINE,Melissa Miller,
365,FREN,122,French Language and Culture II, ,ONLINE,Jason Wade,
366,FREN,201,Continuing French Language and Culture I, ,ONLINE,Melissa Miller,
367,GEN,103,Special Topics in College Mathematics for Non-STEM Majors,MoTuWeTh 10:00AM - 11:30AM,Belknap / Belknap Academic Building 248,"Kelly Coultas, Leslie Exmeyer, Leslie Exmeyer, Tyler Price",
368,GEN,103,Special Topics in College Mathematics for Non-STEM Majors,MoTuWeTh 1:30PM - 3:00PM,Belknap / Belknap Academic Building 248,"Kelly Coultas, Leslie Exmeyer, Leslie Exmeyer, Tyler Price",
369,GEN,103,Special Topics in College Mathematics for Non-STEM Majors, ,ONLINE,"Kelly Coultas, Jenna Price, Jenna Price",
370,GEN,103,Special Topics in College Mathematics for Non-STEM Majors, ,ONLINE,"Kelly Coultas, Bhumika Gowda, Bhumika Gowda",
371,GEN,103,Special Topics in College Mathematics for Non-STEM Majors, ,ONLINE,"Kelly Coultas, Jenna Price, Jenna Price",
372,GEN,104,Special Topics in College Mathematics for STEM Majors,MoTuWeTh 10:00AM - 11:30AM,Belknap / Belknap Academic Building 247,"Kelly Coultas, Tyler Price, Tyler Price",
373,GEN,104,Special Topics in College Mathematics for STEM Majors,MoTuWeTh 1:30PM - 3:00PM,Belknap / Belknap Academic Building 248,"Kelly Coultas, Leslie Exmeyer, Leslie Exmeyer, Tyler Price",
374,GEN,104,Special Topics in College Mathematics for STEM Majors, ,ONLINE,"Kelly Coultas, Lily Thaman, Lily Thaman",
375,GEN,104,Special Topics in College Mathematics for STEM Majors, ,ONLINE,"Kelly Coultas, Bhumika Gowda, Bhumika Gowda",
376,GEN,300,Internship, ,Belknap,Erica Gabbard,
377,GEN,301,Topics in Experiential Learning, ,ONLINE,Regina Roebuck,
378,GEOG,200,Human Geography in a Changing World,TBA,ONLINE / TBA,To be Announced,SBD2
379,GEOG,355,Introduction to Remote Sensing, ,ONLINE,Forrest Stevens,
380,GEOG,401,Cooperative Internship, ,Belknap,Wei Song,
381,GEOG,558,Introduction to Geographic Information Systems, ,ONLINE,Donald Biddle,
382,GER,121,German Language and Culture I, ,ONLINE,Mary Kloentrup,
383,GER,280,Culture of the German-Speaking World, ,ONLINE,Jordan Gabbard,AHP2
384,GLPH,401,Cooperative Internship in Global Public Health  (Humanities), ,INTERN,Christopher Tillquist,
385,GLPH,402,Cooperative Internship in Global Public Health (Social Sciences), ,INTERN,Christopher Tillquist,
386,GLPH,403,Cooperative Internship in Global Public Health (Natural Sciences), ,INTERN,Christopher Tillquist,
387,GLPH,405,Independent Study in Global Public Heath Studies (Humanities), ,Belknap,Christopher Tillquist,
388,GLPH,406,Independent Study in Global Public Health Studies (Social Sciences), ,Belknap,Christopher Tillquist,
389,GS,500,Summer Undergraduate Research and Creative Activity, ,Belknap,Paul DeMarco,
390,HSS,114,Fitness Walking, ,ONLINE,Brittney Kempf,
391,HSS,180,First Aid and Safety Education, ,ONLINE,Dylan Naeger,
392,HSS,184,Healthy Lifestyles I, ,ONLINE,Jason Jaggers,
393,HSS,263,Introduction to Exercise Physiology, ,ONLINE,Jessica Gibb,
394,HSS,293,Social and Psychological Dimensions of Physical Activity, ,ONLINE,Cheryl Griffin,SB
395,HSS,304,Introduction to Athletic Coaching, ,ONLINE,Timothy Wolz,
396,HSS,318,Diverse Populations in Physical Activity and Health, ,ONLINE,Seth Eckler,
397,HSS,320,Growth and Motor Development Across the Lifespan, ,ONLINE,Seth Eckler,
398,HSS,393,Medical Terminology, ,ONLINE,Kathryn Harman,
399,HSS,394,Foundations of Exercise Physiology, ,ONLINE,David Jett,
400,HSS,402,Practicum in Health and Human Performance, ,ONLINE,Ime deCaussin,
401,HSS,486,Advanced Exercise Physiology, ,ONLINE,Greta Cesarz,CUE
402,HSS,492,Exercise Science Internship, ,ONLINE,Ime deCaussin,
403,HIST,101,History of Civilizations I, ,ONLINE,Brad Bowman,SBHP2
404,HIST,101,History of Civilizations I, ,ONLINE,Rebecca Devlin,SBHP2
405,HIST,101,History of Civilizations I, ,ONLINE,Erin Wotring,SBHP2
406,HIST,102,History of Civilizations II,TBA,ONLINE / TBA,To be Announced,SBHD2
407,HIST,102,History of Civilizations II, ,ONLINE,Erin Wotring,SBHD2
408,HIST,104,American History I, ,ONLINE,Edward McInnis,SBHP1
409,HIST,310,Studies in History, ,ONLINE,Sascha Rolf Moebius,
410,HIST,310,Studies in History, ,ONLINE,Kathryn Green,
411,HIST,326,History of Childhood in America,TBA,ONLINE / TBA,To be Announced,WRSBHP1
412,HIST,326,History of Childhood in America, ,ONLINE,Tami Harbolt,WRSBHP1
413,HON,321,Research Colloqium in Natural Sciences, ,Off Campus / OFF CAMPUS,Rochelle Holm,
414,HOSP,399,Hospitality Management Internship III, ,Belknap,AJ Templeton,
415,HUM,105,Humanities in Global Cultures, ,ONLINE,Edoardo Fusaro,AHP2
416,HUM,105,Humanities in Global Cultures, ,ONLINE,Vincent Paczkoskie,AHP2
417,HUM,105,Humanities in Global Cultures, ,ONLINE,Bunny Hayes,AHP2
418,HUM,105,Humanities in Global Cultures, ,ONLINE,Jonathan Judd,AHP2
419,HUM,105,Humanities in Global Cultures, ,Belknap / Online,Per Wessels,AHP2
420,HUM,151,Creativity and the Arts, ,Belknap / Online,Erica Lewis,AH
421,HUM,152,Cultures of America, ,ONLINE,Robert Johmann,AHP1
422,HUM,218,Introduction to Eastern Religious Traditions,Tu 2:00PM - 4:00PM,Belknap / Belknap Academic Building 232,Patrick Pranke,AHP2
423,HUM,224,Introduction to Film, ,ONLINE,Erica Lewis,AHP2
424,HUM,324,Approaches to Film Interpretation, ,ONLINE,Lynda Mercer,
425,HUM,331,Humanities and Gender, ,ONLINE,Eve Carlisle Polley,AHP2
426,HUM,331,Humanities and Gender, ,ONLINE,Simona Bertacco,AHP2
427,HUM,338,Greek Mythology, ,ONLINE,Steven Watkins,
428,HUM,500,Honors Thesis in Humanities, ,Belknap,Pamela Beattie,WR
429,HUM,501,Independent Study, ,Belknap,Pamela Beattie,
430,ISE,288,Industrial Engineering Cooperative Education Seminar,Tu 1:00PM - 2:15PM,Belknap / Duthie Center Engineering 117,"Kelly Atwood Holt, Thomas Brammer, Alexander Williams",
431,ISE,289,Industrial Engineering Cooperative Education I, ,INTERN,"Kelly Atwood Holt, Thomas Brammer, Alexander Williams",
432,ISE,360,Probability and Statistics for Engineers,TuTh 11:00AM - 12:50PM,Belknap / J B Speed 100,Jacob Read,
433,ISE,370,Engineering Economic Analysis,TuTh 3:00PM - 4:50PM,Belknap / J B Speed 100,Jacob Read,
434,ISE,389,Industrial Engineering Cooperative Education II, ,INTERN,"Kelly Atwood Holt, Thomas Brammer, Alexander Williams",
435,ISE,393,Independent Study in Industrial Engineering, ,Belknap,- TBA,
436,ISE,489,Industrial Engineering Cooperative Education III, ,INTERN,"Kelly Atwood Holt, Thomas Brammer, Alexander Williams",
437,LALS,200,Exploring Latin America,TBA,ONLINE / TBA,To be Announced,AHD2
438,LALS,200,Exploring Latin America,TBA,ONLINE / TBA,To be Announced,AHD2
439,LALS,400,Latin American  and Latino Studies Internship, ,ONLINE,Manuel Medina,WR; CUE
440,LBST,400,Cooperative Internship in Liberal Studies, ,ONLINE,Andreas Elpidorou,
441,LBST,401,Senior Capstone Project, ,ONLINE,Andreas Elpidorou,CUE
442,MGMT,301,Management and Organizational Behavior, ,ONLINE,Anne Zwerg,
443,MGMT,301,Management and Organizational Behavior, ,ONLINE,Anne Zwerg,
444,MGMT,305,Human Resource Management, ,ONLINE,Alfred Frager,
445,MGMT,305,Human Resource Management, ,ONLINE,Alfred Frager,
446,MGMT,315,Collaboration and Negotiation-SB, ,ONLINE,Cory Williams,
447,MGMT,315,Collaboration and Negotiation-SB, ,ONLINE,Cory Williams,
448,MGMT,320,Principles of Operations Management, ,ONLINE,Mahesh Gupta,
449,MGMT,320,Principles of Operations Management, ,ONLINE,Mahesh Gupta,
450,MGMT,397,Co-op in Management, ,INTERN,Anne Zwerg,
451,MGMT,398,Co-op in Management II, ,INTERN,Anne Zwerg,
452,MGMT,399,Co-op in Management III, ,INTERN,Anne Zwerg,
453,MGMT,401,Operations Management, ,ONLINE,Cynthia Forgie,
454,MGMT,401,Operations Management, ,ONLINE,Cynthia Forgie,
455,MKT,301,Principles of Marketing, ,ONLINE,David Faulds,
456,MKT,301,Principles of Marketing, ,ONLINE,David Faulds,
457,MKT,380,Services Marketing, ,ONLINE,David Faulds,
458,MKT,395,Digital Marketing Strategy, ,ONLINE,Jeffrey Koleba,
459,MKT,396,Zero-Credit Internship-Marketing, ,Belknap,P.S. Raju,
460,MKT,397,Co-op in Marketing I, ,Belknap,P.S. Raju,
461,MKT,398,Co-op in Marketing II, ,Belknap,P.S. Raju,
462,MKT,399,Co-op in Marketing III, ,Belknap,P.S. Raju,
463,MKT,460,Integrative Marketing Strategy, ,ONLINE,Henrietta Pepper,CUE
464,MATH,105,Quantitative Reasoning, ,ONLINE,Ryan Luke,QR
465,MATH,111,College Algebra, ,ONLINE,Matt Scobee,QR
466,MATH,111,College Algebra, ,ONLINE,Ziyad Hamad,QR
467,MATH,180,Elements of Calculus, ,ONLINE,Junghwa Kim,QR
468,MATH,190,Precalculus,MoTuWeThFr 9:30AM - 11:40AM,Belknap / Natural Sc 212C,Sarah Hadaidi,QR
469,MATH,205,Calculus I,MoTuWeThFr 9:30AM - 11:40AM,Belknap / Natural Sc 108,Ziyad Hamad,QR
470,MATH,205,Calculus I,MoTuWeThFr 9:30AM - 11:40AM,Belknap / Natural Sc 128,Junghwa Kim,QR
471,MATH,206,Calculus II,MoTuWeThFr 9:30AM - 11:40AM,Belknap / Natural Sc 128,Ryan Gill,
472,MATH,301,Calculus III,MoTuWeThFr 9:30AM - 11:40AM,Belknap / Natural Sc 110,David Swanson,
473,ME,206,Mechanics II: Dynamics,MoWeFr 8:00AM - 9:15AM,Belknap / Sackett 100,Hari Charan Ghimire,
474,ME,251,Thermodynamics I,MoWeFr 9:30AM - 10:45AM,Belknap / Sackett 103,Hari Charan Ghimire,
475,ME,288,Mechanical Engineering Cooperative Education Seminar,Tu 1:00PM - 2:15PM,Belknap / Duthie Center Engineering 117,"Kelly Atwood Holt, Brittney Forrest, Thomas Brammer, Alexander Williams",
476,ME,289,Mechanical Engineering Cooperative Education I, ,INTERN,"Kelly Atwood Holt, Brittney Forrest, Thomas Brammer, Alexander Williams",
477,ME,310,Thermodynamics II,TuTh 8:00AM - 9:50AM,Belknap / J B Speed 100,Nicholas Schuppert,
478,ME,323,Mechanics of Materials,MoWe 1:00PM - 2:50PM,Belknap / Sackett 100,Roger Bradshaw,
479,ME,324,Mechanics of Materials Laboratory,Tu 1:00PM - 2:50PM,Belknap / Sackett 108,Md Jahidur Rahman,
480,ME,324,Mechanics of Materials Laboratory,Th 1:00PM - 2:50PM,Belknap / Sackett 108,Md Jahidur Rahman,
481,ME,324,Mechanics of Materials Laboratory,Fr 11:00AM - 12:50PM,Belknap / Sackett 108,Md Jahidur Rahman,
482,ME,324,Mechanics of Materials Laboratory,Fr 1:00PM - 2:50PM,Belknap / Sackett 108,Md Jahidur Rahman,
483,ME,324,Mechanics of Materials Laboratory,We 11:00AM - 12:50PM,Belknap / Sackett 108,Md Jahidur Rahman,
484,ME,389,Mechanical Engineering Cooperative Education II, ,INTERN,"Kelly Atwood Holt, Brittney Forrest, Thomas Brammer, Alexander Williams",
485,ME,435,System Dynamics,TuTh 10:00AM - 11:50AM,Belknap / Sackett 100,Arinan Dourado,
486,ME,489,Mechanical Engineering Cooperative Education III, ,INTERN,"Kelly Atwood Holt, Brittney Forrest, Thomas Brammer, Alexander Williams",
487,ME,526,Vehicle Dynamics and Handling,TBA,Belknap / TBA,To be Announced,
488,ME,526,Vehicle Dynamics and Handling, ,ONLINE,Gary Osborne,
489,ME,547,Design Methods, ,ONLINE,Rodney Ewing,
490,ME,549,Geometric Dimensioning and Tolerancing,TuTh 12:00PM - 1:50PM,Belknap / Sackett 100,Andrew Pierce,
491,MBEC,100,METRO-BELLARMINE UNIVERSITY, ,Oth Loc,To be Announced,
492,MILS,410,Independent Study in Military Science and Leadership, ,ONLINE,- TBA,
493,MILS,410,Independent Study in Military Science and Leadership, ,ONLINE,- TBA,
494,MILS,410,Independent Study in Military Science and Leadership, ,ONLINE,- TBA,
495,MUH,204,Introduction to Music History, ,ONLINE,Jennifer Potochnic,AH
496,MUH,205,Music in World Cultures,TBA,ONLINE / TBA,To be Announced,SBD2
497,MUH,212,History of Rock and Roll, ,ONLINE,Daniel Worley,AHP1
498,MUH,214,African-American Music, ,ONLINE,Marlin McKay,AHP1
499,MUH,215,Hip-Hop Music and History, ,ONLINE,Allison Ogden,AHP1
500,MUH,217,History of Country Music, ,ONLINE,Sean Mulhall,AHP1
501,MUH,317,Popular Music in American Culture, ,ONLINE,Allison Ogden,AHP1
502,MUTH,451,Music Therapy Internship, ,Belknap,Lorna Segall,CUE
503,NURS,205,United States Healthcare System History and Inequality, ,ONLINE,"Cynethia Bethel-Hines, Mary Marlatt","SBH, D1"
504,NURS,221,Principles of Basic Patient Care, ,HSC / Online,Christina Meek,
505,NURS,221,Principles of Basic Patient Care,We 4:00PM - 7:00PM,HSC,Christina Meek,
506,NURS,221,Principles of Basic Patient Care, ,Owensboro / Online,Christina Meek,
507,NURS,221,Principles of Basic Patient Care,Mo 9:00AM - 12:00PM,Owensboro / OWENSBORO,Haley Geary,
508,NURS,310,Strategies for Nursing Student Success,TBA,ONLINE / TBA,To be Announced,
509,NURS,310,Strategies for Nursing Student Success,TBA,ONLINE / TBA,To be Announced,
510,NURS,314,Population Health Nursing, ,HSC / Online,"Angela Mehringer, Rebecca Gesler, Angela Mehringer",
511,NURS,314,Population Health Nursing,Tu 6:00AM - 9:00PM,HSC,Kristin Baisch,
512,NURS,314,Population Health Nursing,Tu 6:00AM - 9:00PM,HSC,Nancy Kern,
513,NURS,314,Population Health Nursing,Tu 6:00AM - 9:00PM,HSC,Jennifer Howell,
514,NURS,314,Population Health Nursing,Tu 6:00AM - 9:00PM,HSC,Becky Houston,
515,NURS,314,Population Health Nursing,We 6:00AM - 9:00PM,HSC,Beverly Williams Coleman,
516,NURS,314,Population Health Nursing,We 6:00AM - 9:00PM,HSC,Nancy Kern,
517,NURS,314,Population Health Nursing,TBA,HSC / TBA,To be Announced,
518,NURS,314,Population Health Nursing,TBA,HSC / TBA,To be Announced,
519,NURS,314,Population Health Nursing,We 6:00AM - 9:00PM,HSC,Jennifer Howell,
520,NURS,314,Population Health Nursing, ,Owensboro / Online,"Angela Mehringer, Rebecca Gesler",
521,NURS,314,Population Health Nursing,We 8:00AM - 4:00PM,Owensboro / OWENSBORO,Angela Mehringer,
522,NURS,314,Population Health Nursing,We 8:00AM - 4:00PM,Owensboro / OWENSBORO,Haley Geary,
523,NURS,315,Foundations for Professional Nursing Practice, ,HSC / Online,"Courtney Albers, Kristin Baisch, Courtney Albers",
524,NURS,315,Foundations for Professional Nursing Practice,We 8:00AM - 12:00PM,HSC,"Courtney Albers, Ashley Stadelman",
525,NURS,315,Foundations for Professional Nursing Practice,Tu 8:00AM - 12:00PM,HSC,"Ashley Stadelman, Krystal Cox",
526,NURS,315,Foundations for Professional Nursing Practice,Th 8:00AM - 12:00PM,HSC,"Beverly Williams Coleman, Kristin Baisch",
527,NURS,315,Foundations for Professional Nursing Practice, ,Owensboro / Online,"Courtney Albers, Courtney Albers, Kristin Baisch",
528,NURS,315,Foundations for Professional Nursing Practice,Tu 8:00AM - 12:00PM,Owensboro / OWENSBORO,Cristin Whitaker,
529,NURS,316,Health Assessment, ,HSC / Online,"Bailey Stiff, Christina Meek, Bailey Stiff",
530,NURS,316,Health Assessment,We 12:30PM - 2:30PM,HSC,"Christina Meek, Ashley Stadelman",
531,NURS,316,Health Assessment,Tu 12:30PM - 2:30PM,HSC,"Ashley Stadelman, Krystal Cox",
532,NURS,316,Health Assessment,Th 12:30PM - 2:30PM,HSC,"Beverly Williams Coleman, Kristin Baisch",
533,NURS,316,Health Assessment, ,Owensboro / Online,"Bailey Stiff, Bailey Stiff, Christina Meek",
534,NURS,316,Health Assessment,Tu 1:00PM - 3:00PM,Owensboro / OWENSBORO,Bailey Stiff,
535,NURS,317,Wellness Across the Lifespan, ,HSC / Online,Amy Higdon,
536,NURS,317,Wellness Across the Lifespan, ,Owensboro / Online,Amy Higdon,
537,NURS,330,Special Topics, ,HSC,"Melissa Barnes, Rebecca Gesler",
538,NURS,355,Portfolio Equivalency, ,ONLINE,Leah Ashby,
539,NURS,381,Foundations for Evidenced-Based Professional Nursing, ,ONLINE,Diane Riff,
540,NURS,382,Nursing Research for Evidence-Based Practice, ,ONLINE,Kellie Edens,
541,NURS,382,Nursing Research for Evidence-Based Practice, ,ONLINE,Diane Riff,
542,NURS,383,Case Management of Individuals and Families, ,ONLINE,Leah Ashby,
543,NURS,385,Nursing Leadership and Health Policy, ,ONLINE,Tammy Allen,
544,NURS,387,Pathophysiology and Pharmacotherapeutics for RNs, ,ONLINE,Eileen Grigutis,
545,NURS,388,Global Health: Disparities and Social Determinants, ,ONLINE,Jessica Eckhoff,SBDP2
546,NURS,430,NCLEX-RN Preparation and Strategies, ,ONLINE,"Rebecca Gesler, Sarah Moreno, Rebecca Gesler",
547,NURS,430,NCLEX-RN Preparation and Strategies, ,ONLINE,"Rebecca Gesler, Sarah Moreno, Rebecca Gesler",
548,NURS,445,Complex Health Nursing, ,HSC / Online,Haley Humphrey,
549,NURS,445,Complex Health Nursing,Mo 6:00AM - 9:00PM,HSC,Christina Meek,
550,NURS,445,Complex Health Nursing,Mo 6:00AM - 9:00PM,HSC,Sarah Moreno,
551,NURS,445,Complex Health Nursing,Mo 6:00AM - 9:00PM,HSC,Robert Wheat,
552,NURS,445,Complex Health Nursing,Mo 6:00AM - 9:00PM,HSC,James Key,
553,NURS,445,Complex Health Nursing,Th 6:00AM - 9:00PM,HSC,Christina Meek,
554,NURS,445,Complex Health Nursing,Th 6:00AM - 9:00PM,HSC,Sarah Moreno,
555,NURS,445,Complex Health Nursing,Th 6:00AM - 9:00PM,HSC,Robert Wheat,
556,NURS,445,Complex Health Nursing, ,Owensboro / Online,Haley Humphrey,
557,NURS,445,Complex Health Nursing,Mo 6:00AM - 9:00PM,Owensboro / OWENSBORO,Amber Thomas,
558,NURS,446,Role Transition, ,HSC / Online,"Melissa Barnes, Rebecca Gesler",
559,NURS,446,Role Transition, ,HSC,"Jennifer Howell, Kennetha Williams, Nancy Kern, Rebecca Gesler, Krista Roach, Melissa Barnes",
560,NURS,446,Role Transition, ,Owensboro / Online,"Melissa Barnes, Rebecca Gesler",
561,NURS,446,Role Transition, ,Owensboro / OWENSBORO,Amy Wimsatt,
562,NURS,482,"Health Promotion for Individuals, Families, and Communities", ,ONLINE,Tammy Allen,
563,NURS,488,Leadership Project, ,ONLINE,"Kellie Edens, Nancy Kern, Kellie Edens, Jessica Eckhoff",
564,PAS,301,Social Sciences Special Topics in Pan-African Studies,TBA,ONLINE / TBA,To be Announced,
565,PAS,364,Racism and Sexism, ,ONLINE,Elizabeth Jones,SBD1
566,PAS,368,"Race, Culture, Identity", ,ONLINE,Yvonne Jones,
567,PAS,383,Cultures of Africa, ,ONLINE,Amanuel Beyin,SBD2
568,PAS,390,Independent Study, ,Belknap,- TBA,
569,PEAC,350,Mediation & Conflict Transformation,Tu 5:30PM - 8:15PM,Belknap / Belknap Academic Building 413,Aaron Rollins,
570,PHIL,211,Critical Thinking, ,ONLINE,John Gibson,AH
571,PHIL,211,Critical Thinking, ,ONLINE,Brian Barnes,AH
572,PHIL,219,"Philosophy of Love, Sex, and Sexuality", ,ONLINE,Eve Carlisle Polley,AHP1
573,PHIL,222,Contemporary Moral Problems, ,ONLINE,Ryan Froese,AH
574,PHIL,222,Contemporary Moral Problems, ,ONLINE,Andreas Elpidorou,AH
575,PHIL,318,Feminist Philosophy, ,ONLINE,Lauren Freeman,AHP1
576,PHIL,323,Medical Ethics, ,ONLINE,boomer Trujillo,
577,PHIL,401,Philosophy Internship, ,INTERN,John Gibson,
578,PHIL,499,Senior Honors Thesis, ,Belknap,- TBA,WR
579,PHYS,221,Fundamentals of Physics I,MoTuWeThFr 9:00AM - 10:30AM,Belknap / Natural Sc 110,Matthew Nichols,S
580,PHYS,222,Fundamentals of Physics II,MoTuWeThFr 9:00AM - 10:30AM,Belknap / Natural Sc 108,Matthew Nichols,S
581,PHYS,223,Fundamentals of Physics Lab I,MoWe 10:40AM - 12:30PM,Belknap / Belknap Academic Building 426,"Matthew Nichols, Bharat Sunar",SL
582,PHYS,223,Fundamentals of Physics Lab I,TuTh 10:40AM - 12:30PM,Belknap / Belknap Academic Building 426,"Matthew Nichols, Nitesh Karki",SL
583,PHYS,224,Fundamentals of Physics Laboratory II,MoWe 10:40AM - 12:30PM,Belknap / Belknap Academic Building 422,"Matthew Nichols, Shikha Pandey",SL
584,PHYS,224,Fundamentals of Physics Laboratory II,TuTh 10:40AM - 12:30PM,Belknap / Belknap Academic Building 422,"Matthew Nichols, Rishiram Ranabhat",SL
585,PHYS,295,Introductory Laboratories I,Tu 1:00PM - 2:50PM,Belknap / Natural Sc 302,"Matthew Nichols, Hudson Harner",SL
586,PHYS,295,Introductory Laboratories I,We 2:30PM - 4:20PM,Belknap / Natural Sc 302,"Matthew Nichols, Hansaka Weerarathne",SL
587,PHYS,295,Introductory Laboratories I,We 11:00AM - 12:50PM,Belknap / Natural Sc 302,"Matthew Nichols, S M Rafee Adnan",SL
588,PHYS,295,Introductory Laboratories I,Tu 11:00AM - 12:50PM,Belknap / Natural Sc 302,"Matthew Nichols, Naveen Baghel",SL
589,PHYS,295,Introductory Laboratories I,Th 11:00AM - 12:50PM,Belknap / Natural Sc 302,"Matthew Nichols, Nate Sparrow",SL
590,PHYS,296,Introductory Laboratories II,Tu 1:00PM - 2:50PM,Belknap / Natural Sc 314,"Gamini Sumanasekera, Bimal Nepal",SL
591,PHYS,296,Introductory Laboratories II,We 2:30PM - 4:20PM,Belknap / Natural Sc 314,"Gamini Sumanasekera, Jacob Hannah",SL
592,PHYS,296,Introductory Laboratories II,TBA,Belknap / TBA,To be Announced,SL
593,PHYS,296,Introductory Laboratories II,Tu 11:00AM - 12:50PM,Belknap / Natural Sc 314,"Gamini Sumanasekera, Bimal Nepal",SL
594,PHYS,296,Introductory Laboratories II,TBA,Belknap / TBA,To be Announced,SL
595,PHYS,296,Introductory Laboratories II,Th 11:00AM - 12:50PM,Belknap / Natural Sc 314,"Gamini Sumanasekera, Jacob Hannah",SL
596,PHYS,298,"Introductory Mechanics, Heat and Sound",MoWeThFr 1:00PM - 2:15PM,Belknap / Belknap Academic Building 226,Swagato Banerjee,S
597,PHYS,299,"Introductory Electricity, Magnetism and Light",MoWeThFr 11:00AM - 12:15PM,Belknap / Natural Sc 112,Scott Jensen,
598,PHYS,299,"Introductory Electricity, Magnetism and Light",MoWeThFr 1:00PM - 2:15PM,Belknap / Natural Sc 112,Chad Howard,
599,POLS,111,Political Discourse, ,ONLINE,Dewey Clayton,OC
600,POLS,201,Introduction to American Government and Politics, ,ONLINE,Siddhant Issar,SB
601,POLS,312,Constitutional Law, ,ONLINE,Allison Martens,Powers of Government
602,POLS,313,Constitutional Law,TBA,ONLINE / TBA,To be Announced,Rights and Liberties
603,POLS,324,Women in American Politics, ,ONLINE,Anne Caldwell,
604,POLS,326,Public Policy,TBA,ONLINE / TBA,To be Announced,SB
605,POLS,330,Introduction to International Relations, ,ONLINE,Kristopher Grady,
606,POLS,348,Environmental Policy, ,ONLINE,Melissa Merry,
607,PSYC,201,Introduction to Psychology, ,ONLINE,George Martinez,SB
608,PSYC,201,Introduction to Psychology, ,ONLINE,George Martinez,SB
609,PSYC,301,Statistics for Psychology, ,ONLINE,Freya Edlin,
610,PSYC,301,Statistics for Psychology, ,ONLINE,Freya Edlin,
611,PSYC,302,Research Methods for Psychology, ,ONLINE,Lora Haynes,
612,PSYC,302,Research Methods for Psychology, ,ONLINE,Lora Haynes,
613,PSYC,302,Research Methods for Psychology, ,ONLINE,Ryan Coleman,
614,PSYC,305,Brain and Behavior, ,ONLINE,Brendan Depue,
615,PSYC,305,Brain and Behavior, ,ONLINE,Andrew Lynn,
616,PSYC,305,Brain and Behavior, ,ONLINE,Brendan Depue,
617,PSYC,305,Brain and Behavior,TBA,ONLINE / TBA,To be Announced,
618,PSYC,306,Life Span Developmental Psychology, ,ONLINE,Lora Haynes,
619,PSYC,307,Cognitive Processes, ,ONLINE,Lora Haynes,
620,PSYC,308,Foundations of Psychopathology, ,ONLINE,Brooke Shriner,
621,PSYC,310,Psychology of Diversity, ,ONLINE,George Martinez,
622,PSYC,315,Personality, ,ONLINE,Brooke Shriner,
623,PSYC,318,Forensic Psychology, ,ONLINE,George Martinez,
624,PSYC,342,Drugs and Behavior, ,ONLINE,George Martinez,
625,PSYC,388,Principles of  Clinical Psychology, ,ONLINE,Brooke Shriner,
626,PSYC,420,History of Psychology: A Socio-Cultural Perspective, ,ONLINE,Edna Ross,"WR,CUE"
627,PSYC,491,Undergraduate Psychology Research, ,Belknap,Judith Danovitch,
628,PSYC,493,Undergraduate Psychology Research II, ,Belknap,Judith Danovitch,
629,PHPB,301,Health Equity, ,ONLINE,"Madeline Tomlinson, Lyndsey Blair",SBP1
630,PHEH,101,Nutrition 4 You, ,ONLINE,Rachel Neal,S
631,PHEP,301,Global Public Health, ,ONLINE,Madeline Tomlinson,SBHD2
632,PHPH,101,Introduction to Public Health, ,ONLINE,Subi Gandhi,SB
633,PHST,200,Reasoning with Data in Daily Life, ,ONLINE,Brendan Wilson,QR
634,SCHG,300,Topics in Social Change: Humanities, ,ONLINE,Lauren Freeman,
635,SCHG,302,Topics in Social Change: Social Sciences, ,ONLINE,Yvonne Jones,
636,SCHG,401,Social Change Community Internship, ,INTERN,Cherie Dawson-Edwards,
637,BSW,201,Introduction to Social Work, ,ONLINE,Alicia Dawson,SBD1
638,BSW,203,Human Biology for Social Sciences, ,ONLINE,Tara Schapmire,
639,BSW,204,Introduction to Social Statistics, ,ONLINE,Daniel Jude,
640,BSW,333,Intro Social Work and Human Sexuality, ,ONLINE,Kelly Weaver,
641,BSW,397,Intro Special Topics in Social Work, ,ONLINE,Lesley Harris,
642,BSW,397,Intro Special Topics in Social Work, ,ONLINE,Susan Heffner Rhema,
643,BSW,415,Intro Mental Health, ,ONLINE,Tina Johnson,
644,SOC,201,Introduction to Sociology, ,ONLINE,Robert Carini,SB
645,SOC,202,Social Problems, ,ONLINE,Angela Orend,SBD1
646,SOC,301,Introduction to Social Statistics, ,ONLINE,Robert Carini,
647,SOC,303,Introduction to Research Methods,TBA,ONLINE / TBA,To be Announced,WR
648,SOC,303,Introduction to Research Methods,TBA,ONLINE / TBA,To be Announced,WR
649,SOC,320,Social Theory, ,ONLINE,Gul Aldikacti Marshall,WR
650,SOC,323,Diversity and Inequality, ,ONLINE,James Beggan,
651,SOC,327,Sociology of Gender, ,ONLINE,Gul Aldikacti Marshall,
652,SOC,343,Sociology of Women's Health, ,ONLINE,Debbie Potter,
653,SOC,417,Reproductive Justice, ,ONLINE,Lucie Brooks,
654,SOC,451,Special Topics in Sociology, ,ONLINE,Jonetta Weber,WR; CUE
655,SPAN,121,Spanish Language and Culture I, ,ONLINE,Christina Smith,
656,SPAN,121,Spanish Language and Culture I, ,ONLINE,Samia Mathew,
657,SPAN,121,Spanish Language and Culture I, ,ONLINE,Marc Tamarit-Galdon,
658,SPAN,122,Spanish Language and Culture II, ,ONLINE,Sue Trejo,
659,SPAN,122,Spanish Language and Culture II, ,ONLINE,Carlos Felico-Garrido,
660,SPAN,122,Spanish Language and Culture II, ,ONLINE,Karla Wilder,
661,SPAN,123,Spanish Language and Culture in Review, ,ONLINE,Karly Walker,
662,SPAN,123,Spanish Language and Culture in Review, ,ONLINE,Thomas Lawrence,
663,SPAN,123,Spanish Language and Culture in Review, ,ONLINE,Sarah Neal,
664,SPAN,141,Intensive Spanish Language and Culture I, ,ONLINE,Samia Mathew,
665,SPAD,281,Principles of Sport Administration, ,ONLINE,James Byland,
666,SPAD,284,Sport Leadership and Ethics, ,ONLINE,Marcis Fennell,
667,SPAD,345,Sport Communication, ,ONLINE,Timothy Wolz,
668,SPAD,353,Sport and Film, ,ONLINE,T. Greenwell,
669,SPAD,383,Sport Marketing, ,ONLINE,T. Greenwell,
670,SPAD,395,Sport Sales and Fundraising, ,ONLINE,Megan Shreffler,
671,SPAD,401,Career Development in Sport Administration, ,ONLINE,Regina Presley,
672,SPAD,402,Internship in Sport Administration, ,ONLINE,"Regina Presley, James Breeding",CUE
673,SPAD,402,Internship in Sport Administration, ,ONLINE,"Regina Presley, James Breeding",CUE
674,SPAD,480,Athletics in Higher Education, ,ONLINE,Meg Hancock,
675,SPAD,484,Strategic Management in Sport, ,ONLINE,Brigitte Burpo,
676,SPAD,561,Special Topics in Sport Administration,TBA,ONLINE / TBA,To be Announced,
677,SPAD,561,Special Topics in Sport Administration, ,ONLINE,James Byland,
678,TA,207,Enjoyment of Theatre, ,ONLINE,Melony Caulder,AH
679,TA,224,Introduction to Acting as Communication, ,ONLINE,LaShondra Hood,OC
680,TA,224,Introduction to Acting as Communication,TBA,ONLINE / TBA,To be Announced,OC
681,TA,243,Design Aesthetics, ,ONLINE,Kevin Gawley,AH
682,TA,326,Cultural Diversity in Performance,TBA,Belknap / TBA,To be Announced,AHP1
683,TA,357,Introduction to Hip-Hop Theatre,TBA,ONLINE / TBA,To be Announced,WRAHP1
684,TA,357,Introduction to Hip-Hop Theatre, ,ONLINE,Brandi Threatt,WRAHP1
685,URBS,331,Sustainable Built Environment,TBA,ONLINE / TBA,To be Announced,SBD1
686,URBS,440,Sustainability Internship, ,Oth Loc,Matthew Ruther,CUE
687,WGST,203,Gender Issues in Public Dialogue,TBA,ONLINE / TBA,To be Announced,OCP1
688,WGST,303,Humanities and Gender, ,ONLINE,Simona Bertacco,AHP2
689,WGST,303,Humanities and Gender, ,ONLINE,Eve Carlisle Polley,AHP2
690,WGST,312,Sociology of Women's Health, ,ONLINE,Debbie Potter,
691,WGST,313,Sociology of Gender, ,ONLINE,Gul Aldikacti Marshall,
692,WGST,332,History of Childhood in America, ,ONLINE,Tami Harbolt,WRSBHP1
693,WGST,360,Feminist Philosophy, ,ONLINE,Lauren Freeman,AHD1
694,WGST,417,Reproductive Justice, ,ONLINE,Lucie Brooks,
